{"Blocks":{"2 way switch":{"Att":{"Annotative":false,"Dynamic":false,"Explode":true,"InsUnit":4,"ScaleUniformly":false},"Previews":{"120_64_64_0":{"Checksum":"b54bdab8ee37ad83b6cb2a06002fe53dc31ca66d","URL":"Sustaing_diagrams.dwg.2 way switch.120_64_64_0.png"}}},"battery":{"Att":{"Annotative":false,"Dynamic":false,"Explode":true,"InsUnit":4,"ScaleUniformly":false},"Previews":{"120_64_64_0":{"Checksum":"d11c7329bb110b0d670aa1f61decb935c75e9303","URL":"Sustaing_diagrams.dwg.battery.120_64_64_0.png"}}},"charge controller":{"Att":{"Annotative":false,"Dynamic":false,"Explode":true,"InsUnit":4,"ScaleUniformly":false},"Previews":{"120_64_64_0":{"Checksum":"4f926649b2565c877cfb9a8c7c8c212340d3c921","URL":"Sustaing_diagrams.dwg.charge controller.120_64_64_0.png"}}},"counter recp":{"Att":{"Annotative":false,"Dynamic":false,"Explode":true,"InsUnit":4,"ScaleUniformly":false},"Previews":{"120_64_64_0":{"Checksum":"c8966311c742d84327ee965bde413231d1fbb255","URL":"Sustaing_diagrams.dwg.counter recp.120_64_64_0.png"}}},"data":{"Att":{"Annotative":false,"Dynamic":false,"Explode":true,"InsUnit":4,"ScaleUniformly":false},"Previews":{"120_64_64_0":{"Checksum":"d8e4bba12b51bc96a0b2e0a268ae8b0e6a4a1fc7","URL":"Sustaing_diagrams.dwg.data.120_64_64_0.png"}}},"disconnect":{"Att":{"Annotative":false,"Dynamic":false,"Explode":true,"InsUnit":4,"ScaleUniformly":false},"Previews":{"120_64_64_0":{"Checksum":"5c5755221ecdf0bcda8b068f08d832e736ba8e79","URL":"Sustaing_diagrams.dwg.disconnect.120_64_64_0.png"}}},"double recp":{"Att":{"Annotative":false,"Dynamic":false,"Explode":true,"InsUnit":4,"ScaleUniformly":false},"Previews":{"120_64_64_0":{"Checksum":"58312a78eac2b6ad1fba6d900c76bc35812462d9","URL":"Sustaing_diagrams.dwg.double recp.120_64_64_0.png"}}},"double switch":{"Att":{"Annotative":false,"Dynamic":false,"Explode":true,"InsUnit":4,"ScaleUniformly":false},"Previews":{"120_64_64_0":{"Checksum":"475dcd9d187c8666a3e14d5982744293d6926046","URL":"Sustaing_diagrams.dwg.double switch.120_64_64_0.png"}}},"generator":{"Att":{"Annotative":false,"Dynamic":false,"Explode":true,"InsUnit":4,"ScaleUniformly":false},"Previews":{"120_64_64_0":{"Checksum":"ed48df8e393dd73b095506b19a66681f05b8e153","URL":"Sustaing_diagrams.dwg.generator.120_64_64_0.png"}}},"gfci":{"Att":{"Annotative":false,"Dynamic":false,"Explode":true,"InsUnit":4,"ScaleUniformly":false},"Previews":{"120_64_64_0":{"Checksum":"76b36266bb6347702b454d9477bd60bdc1c1aa21","URL":"Sustaing_diagrams.dwg.gfci.120_64_64_0.png"}}},"gfci recp":{"Att":{"Annotative":false,"Dynamic":false,"Explode":true,"InsUnit":4,"ScaleUniformly":false},"Previews":{"120_64_64_0":{"Checksum":"601027bf7646196b3919564b545d08fea8c46fab","URL":"Sustaing_diagrams.dwg.gfci recp.120_64_64_0.png"}}},"ground bar":{"Att":{"Annotative":false,"Dynamic":false,"Explode":true,"InsUnit":4,"ScaleUniformly":false},"Previews":{"120_64_64_0":{"Checksum":"b729c34d6ccf5e11df69433243939ddcfb9427f3","URL":"Sustaing_diagrams.dwg.ground bar.120_64_64_0.png"}}},"light":{"Att":{"Annotative":false,"Dynamic":false,"Explode":true,"InsUnit":4,"ScaleUniformly":false},"Previews":{"120_64_64_0":{"Checksum":"6d92b404d67cc0f2bc05047c4168eeefa4bb37d1","URL":"Sustaing_diagrams.dwg.light.120_64_64_0.png"}}},"mechanical connector":{"Att":{"Annotative":false,"Dynamic":false,"Explode":true,"InsUnit":4,"ScaleUniformly":false},"Previews":{"120_64_64_0":{"Checksum":"e2c25b199786cba5c82ffbb21b24ad7734b3b901","URL":"Sustaing_diagrams.dwg.mechanical connector.120_64_64_0.png"}}},"mechanical power":{"Att":{"Annotative":false,"Dynamic":false,"Explode":true,"InsUnit":4,"ScaleUniformly":false},"Previews":{"120_64_64_0":{"Checksum":"e2c25b199786cba5c82ffbb21b24ad7734b3b901","URL":"Sustaing_diagrams.dwg.mechanical power.120_64_64_0.png"}}},"panel":{"Att":{"Annotative":false,"Dynamic":false,"Explode":true,"InsUnit":4,"ScaleUniformly":false},"Previews":{"120_64_64_0":{"Checksum":"1163a5e764c5de5706a5dc1308d1c2c5938f159b","URL":"Sustaing_diagrams.dwg.panel.120_64_64_0.png"}}},"panel A":{"Att":{"Annotative":false,"Dynamic":false,"Explode":true,"InsUnit":4,"ScaleUniformly":false},"Previews":{"120_64_64_0":{"Checksum":"eba427881ffecfc0eec2e2bb301f038adb1e5053","URL":"Sustaing_diagrams.dwg.panel A.120_64_64_0.png"}}},"pv":{"Att":{"Annotative":false,"Dynamic":false,"Explode":true,"InsUnit":4,"ScaleUniformly":false},"Previews":{"120_64_64_0":{"Checksum":"3b20009136adeb685c81c443908ab79d7c6e76cd","URL":"Sustaing_diagrams.dwg.pv.120_64_64_0.png"}}},"rectifier":{"Att":{"Annotative":false,"Dynamic":false,"Explode":true,"InsUnit":4,"ScaleUniformly":false},"Previews":{"120_64_64_0":{"Checksum":"f13da0dc7372244b461ef427be59fba551e7c978","URL":"Sustaing_diagrams.dwg.rectifier.120_64_64_0.png"}}},"sconce":{"Att":{"Annotative":false,"Dynamic":false,"Explode":true,"InsUnit":4,"ScaleUniformly":false},"Previews":{"120_64_64_0":{"Checksum":"6a796ea90bed37943349c9f252e5457b83fd0e1d","URL":"Sustaing_diagrams.dwg.sconce.120_64_64_0.png"}}},"single recp":{"Att":{"Annotative":false,"Dynamic":false,"Explode":true,"InsUnit":4,"ScaleUniformly":false},"Previews":{"120_64_64_0":{"Checksum":"43fc42e519dc8b70010a2d7f6ae5ee0c1f84879d","URL":"Sustaing_diagrams.dwg.single recp.120_64_64_0.png"}}},"single switch":{"Att":{"Annotative":false,"Dynamic":false,"Explode":true,"InsUnit":4,"ScaleUniformly":false},"Previews":{"120_64_64_0":{"Checksum":"049f69e91791aea6e24c79cccf5ed23a64bd620e","URL":"Sustaing_diagrams.dwg.single switch.120_64_64_0.png"}}}},"Header":{"Att":{"Annotative":false,"Dynamic":false,"Explode":true,"GeoLoc":{"CSId":"","Has":false},"ModifiedTime":1710894216,"ScaleUniformly":false,"annotativeDwg":false,"insunits":4},"Checksum":"f6b2e1e56ad2a840712181a3070357e8db2f3f47","Preview":{"Checksum":"e7c8957cf57fd4b902da4201776230ff68e362cd","URL":"Sustaing_diagrams.dwg.png"}}}